id,question,response,answer
1,project_Do p3 specs come out today or tomorrow?,"The project specifications for Project 3: Euchre were developed during the Fall 2016 semester, but there is no mention of an updated release or specific expectations regarding them coming out today or tomorrow. If you are referring to Project 4: Machine Learning, it is due on March 28, 2024, which is the next relevant deadline associated with the EECS 280 course.

If you need specific release information for a current project specification, you may need to check directly with course announcements or the course website.

### References
1. [KG] EECS 280 Project 3: Euchre specifications were developed during Fall 2016. (File: unknown_source)
2. [KG] Project 4: Machine Learning is due on March 28, 2024. (File: unknown_source)",Probably tomorrow
2,"project_for the implementation of card_less, does the rank of the led card matter? or is only the suit important? thanks!","In the game of Euchre, when playing a card during a trick, both the suit and the rank of the led card are significant. Players must follow the suit that was led if they are able to do so, which indicates that suit has a primary role in the gameplay.

If a player cannot follow suit, they may play any card from their hand, including cards of different suits. In this scenario, while the rank of the card played may not influence the legality of play, it can affect the outcome of the trick, depending on the values assigned to the cards within the context of the specific suit.

For Simple Players, who utilize straightforward strategies, the choice of whether to play a card depends first on following suit and then on maximizing their potential to win the trick based on card value. Therefore, the rank of the led card does have importance when it comes to who wins the trick.

### Summary:
- **Suit Importance**: Must follow suit if able.
- **Rank Importance**: Matters when deciding which card to play to win the trick if the player cannot follow suit. 

References:
- [KG] Euchre Game (File: unknown_source)
- [KG] Tricks (File: unknown_source)
- [KG] Human Player (File: unknown_source)
- [KG] Simple Player Strategy (File: unknown_source)
- [KG] Making Trump (File: unknown_source)","realized im pretty sure it does, in case the led card is the left bower.; Yes, the rank matters when the rank is specifically a jack of the trump/next suit (R/L bower)"
3,"project_Since the ranks and suits of the cards are assigned to an enum data type, is it possible for me to directly access the number of the rank/suit of the card instead of the title? In the function is_face_or_ace, instead of having 4 conditions in the if statement checking if the rank of the card is either king/queen/jack/ace, if I can simply access the number that the rank is assigned to (eg ""JACK"" is assigned the value 9), I can implement a simple if(suit>=9) which would be faster. Is it also possible to do this the other way around, where I implement it like this: if(suit>=JACK) ? Please let me know which of the two methods is correct.  Also, do we have to implement the friend function(friend std::istream & operator>>(std::istream &is, Card &card);)?","In C++, enums allow you to access the underlying integer values that are assigned to each enumerator, and you can indeed use these integer values for comparisons in your functions. Here is how the approach works regarding your query:

### Accessing Rank/Suit as Integers

1. **Using Integer Values in Conditions**: 
   - You can directly compare the rank of a card (if it is represented as an enum) with its underlying integer value. For example, if `JACK` is defined as 9, you can write conditions like `if (rank >= 9)`. This is valid in C++ and should work as you expect.

2. **Using Enums for Comparisons**:
   - You can also use the enumerator's name directly in your conditions. For example, `if (rank >= JACK)` is also valid and often clearer, as it improves readability. This means you can use the enum identifiers in your `if` statements without needing to memorize their corresponding values.

### Correctness of Methods

Both methods are correct:
- Using integer values (like `if(suit >= 9)`) is technically correct but can reduce the readability of your code. It ties your logic directly to specific integer values, which might change if the enum definitions change.
- Using enumerator names (like `if(suit >= JACK)`) is preferable for maintainability and clarity. It represents the intention more clearly and allows you to avoid magic numbers in your code.

### Friend Function Implementation

Regarding the implementation of the friend function `friend std::istream & operator>>(std::istream &is, Card &card);`, you are encouraged to implement this function if it is part of the project requirements. Typically, this function would streamline the process of reading a `Card` object from input streams, allowing for more flexible and simpler input handling. If it’s specified in the project guidelines or your instructor’s notes, it should be included in your implementation to meet the project requirements.

### Summary

In summary, for your `is_face_or_ace` function:
- Using the enum directly for comparisons (e.g., `if (rank >= JACK)`) is the best practice.
- Implementing the friend function is recommended if specified in the project details.

### References
- [KG] Enum Usage in C++ (File: Card.hpp)
- [KG] C++ Programming Language Overview (File: Pack.cpp)
- [KG] Operator Overloading in C++ (File: Card.cpp)","either is correct, but i would use the second option since it is clearer. 

For your second question, yeah you do have to implement the >> operator for the card class."
4,"project_Suit Suit_next(Suit suit)  {   return static_cast<Suit>((suit + 2) % 4);  }  In this sample of code, I used static_cast to convert the integer answer of the operation to a suit/enum data type. If I don't use static_cast, then my function doesn't work. Is this because the enum data type of 'suit' is converted to an integer?","Yes, your understanding is correct. In C++, enumerations (enums) like `Suit` are internally represented as integers. When you perform arithmetic operations on an enum value, such as adding an integer to it, the enum is treated as an integer during that operation. However, the result of the arithmetic will still be an integer.

The `static_cast<Suit>` is necessary because, without it, the compiler will treat the result of your operation as an integer. Since the return type of your function is `Suit`, not an integer, you must explicitly convert (cast) the integer result back into the `Suit` enumeration type. This conversion ensures that the function complies with its return type specification.

If you omit `static_cast`, you will encounter a type mismatch error since the function signature specifies that it must return a `Suit`, not an integer. Thus, using `static_cast` confirms that you want to treat the resulting integer as a value of the enum type.

### Key Points:
- Enum types are treated as integers in arithmetic operations.
- Use `static_cast` to convert the integer result back to the enum type to match the function's return type.
- Omitting the cast leads to a compilation error due to type mismatch.

References:
- [KG] Enum and integer representation in C++ (File: unknown_source)
- [KG] C++ static_cast usage and implications (File: unknown_source)","yep, the integer addition/ mod operation you do makes the expression evaluate to an int. then, you have to convert it back to Suit"
5,"project_Hi, I'm currently writing my Card.cpp and I'm not sure if I should put the operator overrides inside the private/ public/ or entirely outside of the card class. In Card.hpp I saw that there was a copy of the >> operator in private written as a friend function as an example (?) of a possible configuration so I did that with my functions in Card.cpp? I'm not sure if I'm on the right track with that","### Operator Overloading in Card.cpp

When it comes to implementing operator overloads for your class, it's standard practice to include them as **non-member functions** or as **friend functions** within the class definition. This approach allows the overloads to access private members of the class, if necessary.

In your case, since you mentioned that you've declared an operator (like `>>`) as a friend function in `Card.hpp`, you're on the right track. Friend functions can access private members of the class directly, which is useful for I/O operations. Here's a brief outline of how you can structure your operator overloads:

1. **Declaration in Header (Card.hpp)**: 
   - Declare your operator overloads as friend functions. This allows them to access private members without being part of the class itself.
   - Example:
     ```cpp
     class Card {
     public:
         // Other public methods...
         friend std::ostream& operator<<(std::ostream& os, const Card& card);
         friend std::istream& operator>>(std::istream& is, Card& card);

     private:
         // Private attributes...
     };
     ```

2. **Implementation in Source (Card.cpp)**:
   - Define your operator overloads outside the class, typically in the corresponding .cpp file.
   - This keeps the operator logic separate from the class definition, which can help with readability and maintainability.
   - Example:
     ```cpp
     std::ostream& operator<<(std::ostream& os, const Card& card) {
         // Implementation...
         return os;
     }

     std::istream& operator>>(std::istream& is, Card& card) {
         // Implementation...
         return is;
     }
     ```

### Conclusion

By following the above structure, you'll maintain a clean separation between your class definition and the operator overload implementations, while still providing the necessary access privileges through friendship. This approach enhances code readability and adheres to common C++ practices.

### References
1. [KG] Card.cpp contains the implementation details for the Card class. (File: unknown_source)
2. [KG] Card.hpp is a header file that declares the structure and functions associated with the Card class. (File: unknown_source)","The operators should go outside of the class, like they are in the Card.hpp file"
6,"project_working on the human player and have found the excerpt on always ensuring the hand of a human player is sorted. is this also applicable to the simple player? if not, is it actively harmful to do so to the simple player (if the autograder would not accept sorted simple player hands as correct)? thanks!","In the context of the Euchre game, the implementation details specify that for a Human Player, the cards in their hand must always be kept in sorted order. This is crucial for consistency with the autograder test cases, which expect the output to reflect this ordering.

For the Simple Player, it is implied that a different strategy may apply. The Simple Player's strategy, as described, considers only the suit that was led when choosing which card to play, and does not involve complex calculations or considerations like sorting. Therefore, actively sorting the Simple Player's hand may not be necessary and could potentially be seen as introducing unnecessary complexity.

### Conclusion:
1. **Sorting Requirement**: The sorting of a Human Player's hand is necessary for standardization with the game's expected output, especially for autograder tests.
2. **Simple Player's Hand**: Sorting the Simple Player's hand is not explicitly required and may not align with the expected behavior during gameplay.
3. **Potential Harm**: If the autograder does not expect the Simple Player's hand to be sorted, providing a sorted hand could result in incorrect evaluations or failures in tests designed for the Simple Player's straightforward strategy.

Therefore, it would be advisable to maintain the simplicity of the Simple Player's implementation and refrain from unnecessary sorting to avoid any negative impacts on its evaluation by the autograder.

### References
1. [KG] Simple Player Strategy (File: unknown_source)
2. [KG] Human Player (File: unknown_source)","you can sort the simple player's hand if you would like, if that makes it easier!"
7,"project_I am retaking this course but I am doing euchre with a different partner than last time, is it considered a violation of the Honor Code if I use parts of the code that I personally worked on within the euchre project last time for this time as well?","In the context of the EECS 280 course, reusing portions of your code that you authored from a previous project may not violate the Honor Code as long as you have the right to use that previously developed code and it belongs to you. However, it's essential to carefully review the course’s guidelines on collaboration and code reuse as specific policies might be in place regarding prior code contributions.

Typically, academic integrity policies encourage independent work on projects and may restrict the sharing of code between different partners to maintain fairness. It's best to communicate directly with your instructor or refer to the partnership guidelines outlined in your course to ensure compliance with the Honor Code.

### References
1. [KG] Partnership guidelines detail the rules and expectations for students working in pairs on projects. (File: unknown_source)
2. [KG] The project refers to the work involving course specifications and contributions made by various individuals in EECS 280. (File: unknown_source)","We don't consider it an honor code violation to reuse your own code, but we strongly encourage re-implementing the project from scratch this term. Especially if you're working with a new partner, it would take away from the opportunity to fully work on all parts of the project for them if you're starting with previous code."
8,project_Do we get hints for finding bugs for our own player tests?,"In the context of the EECS 280 project related to the Euchre game, there are no specific hints provided for finding bugs in your own player tests. However, the project emphasizes the importance of writing robust tests and implementing good coding practices. Students are encouraged to use tools like the Unit Test Framework, which aids in validating the implementation and functionality of their code.

It is also suggested to follow style guidelines and thoughtfully design the game logic, which indirectly assists in identifying potential bugs during implementation and testing. If tests fail, it indicates that there may be issues in the code that need to be addressed, serving as a feedback mechanism during the debugging process.

If you require detailed guidance on implementing your tests or troubleshooting, you may need to consult classmates, instructors, or reference materials provided in course resources rather than expecting direct hints from the project deliverables.

### References
- [KG] Player tests are designed specifically to validate the functionality of the Player organization. (File: unknown_source)
- [KG] The Unit Test Framework is used for writing and executing tests for verifying the functionality of the code. (File: unknown_source)
- [KG] The project incorporates specific style guidelines for consistent code writing as recommended in EECS 280. (File: unknown_source)
- [KG] Players are numbered 0-3, and associated gameplay structures are defined in the project. (File: unknown_source)
- [KG] The Human Player reads input from the human user and interacts with the game. (File: unknown_source)",No
9,"project_For player.cpp, are we expected to create derived classes for the simple player and the human player? If so, should we be modifying the player.hpp file?","Yes, in your project for `Player.cpp`, you are expected to create derived classes for both the Simple Player and the Human Player. 

As part of this implementation, you will need to use the `Player.hpp` file to declare your base `Player` class structure and the abstract methods that each derived class must implement. However, you should **not modify the `Player.hpp` file** to introduce new functionalities or classes directly beyond those specified in the project requirements. Your derived classes will be implemented in `Player.cpp`, where you override the methods declared in `Player.hpp`.

Follow the guidelines laid out in your project instructions carefully to ensure proper implementation and organization of your code across these files.

### References
1. [KG] The Human Player is a participant in the game, interacting with the game through user inputs and making decisions based on their hand of cards. (File: unknown_source)
2. [KG] Simple Players refer to participants in a card game who utilize straightforward strategies based on the suit led by the previous player. (File: unknown_source)
3. [KG] Player represents the role of participants in the game, which can be either AI-controlled or human-controlled. (File: unknown_source)
4. [KG] Player.hpp is a header file that declares the abstract base class for players in the Euchre game, outlining the structure necessary for player capabilities. (File: unknown_source)
5. [KG] The implementation of SimplePlayer is found within the Player.cpp file, which contains the necessary code for the class functionality. (File: unknown_source)","Yes, you will make derived classes but in the cpp file."
10,"project_I was wondering if there is any way to see what cards each of the players have in their hand besides figuring it out from pack.in. Since there is no variable that stores the name or the hand in Player.hpp, the debugger can't show the name or the hand of any of the players and I was wondering how I can see/access those things in the debugger.","To see what cards each player has in their hand while debugging the Euchre game, you'll need to implement additional functionality in your `Player` class. Here's a general approach to achieve this:

### Implementing Hand Visibility

1. **Add Member Variables:**
   First, ensure that the `Player` class (or its derived classes like `HumanPlayer`, `SimplePlayer`) has a member variable that stores the player's hand. This could be a container like `std::vector<Card>` to hold the cards.

   ```cpp
   class Player {
   protected:
       std::vector<Card> hand; // To store the player's hand of cards.
   public:
       // Methods to manipulate the hand
       void addCard(const Card& card) {
           hand.push_back(card);
       }
       const std::vector<Card>& getHand() const {
           return hand;
       }
   };
   ```

2. **Display Function:**
   Implement a method within the `Player` class to display the cards in the player's hand. This can be a simple function that iterates over the `hand` vector and prints each card.

   ```cpp
   void printHand() const {
       for (const auto& card : hand) {
           std::cout << card << "" ""; // Assuming the Card class has an operator<< overloaded
       }
       std::cout << std::endl;
   }
   ```

3. **Integration with Debugger:**
   Ensure that the debugging environment you are using is set up to evaluate expressions or call methods on objects. You should be able to call `printHand()` or examine the `hand` member variable directly in your debugger, depending on your IDE's capabilities.

4. **Call `printHand()`:**
   You can call this function at strategic points in your game flow, such as after cards are dealt or when a player is about to play their card. This will allow you to see the contents of each player's hand at runtime.

### Using the Debugger

- Depending on your development environment, you can place breakpoints in the relevant parts of your code where you need to check the players' hands. While debugging, you can step through the code and check the `hand` variable for each player or call `printHand()` to view the hand contents directly in the output.

By incorporating these changes, you will enhance your ability to review player hands during debugging sessions without relying solely on the `pack.in` file. 

### Final Note
Make sure to test the modified code to ensure that the player hands are handled correctly without introducing errors in the game logic.

### References
- [KG] Player class and functionalities (File: Player.hpp)
- [KG] Methods for display and hand management (File: Player.cpp)
- [KG] Overall structure of Euchre game implementation (File: euchre.cpp)
- [KG] Testing methods and validation frameworks (File: Player_tests.cpp)
- [KG] Debugging strategies and best practices (File: Unknown)","(If your simple and human player classes do not have a hand vector, you are doing something wrong.)

That being said, if it is specifically a problem because they are of Player type and not Simple/Human player type, have you tried creating a watch variable?

#61 goes into detail on how to make a watch variable.

I think you can just do:

players[i]->hand,  and players[i]->name, etc as watch variables (change your vector of players name/ index variable as it matches in your code)"
11,"project_For the functions in the player class, how do we implement them without any variables like name? are we supposed to create our own private member variables?  Also, do the declarations of the simple and human player classes go in the hpp file and implementations of the functions in the cpp file? Or does the declaration also go in the cpp file?","To implement the functions in the Player class without any predefined variables like ""name,"" you will indeed need to create your own private member variables within your derived classes (such as SimplePlayer and HumanPlayer). This allows you to maintain state information necessary for the players to function correctly within the game.

### Structure of Player Classes

1. **Header File Declarations (`Player.hpp`)**:
   - You should declare both the SimplePlayer and HumanPlayer classes in the `Player.hpp` file. This includes defining the class structures, member functions, and any necessary member variables.
   - For example:
     ```cpp
     class SimplePlayer : public Player {
     private:
         std::string name;  // private variable to store player's name
         // Additional member variables as needed
     public:
         SimplePlayer(const std::string &name);  // constructor
         void play(/* parameters */);  // function declaration
         // Other function declarations as required
     };
     ```

2. **Implementation in the Source File (`Player.cpp`)**:
   - The actual implementation of the functions should be in the `Player.cpp` file. This file will include the corresponding header file and define how each function behaves.
   - For example:
     ```cpp
     #include ""Player.hpp""  // include the header file for class definitions

     SimplePlayer::SimplePlayer(const std::string &name) {
         this->name = name;  // initialization
     }

     void SimplePlayer::play(/* parameters */) {
         // Implementation of the play function
     }
     ```

### Summary

- **Declarations** for class members and methods are placed in the header file (`Player.hpp`).
- **Implementations** of those methods go into the corresponding source file (`Player.cpp`).
- Creating your own private member variables in the derived classes is necessary to maintain state specific to each player.

This structure ensures that your classes are well-organized and leverage the principles of object-oriented programming effectively.

### References
- [KG] Player class implementation details (File: unknown_source)
- [KG] Structure and organization of C++ classes (File: unknown_source) 
- [KG] Implementation of derived classes in C++ (File: unknown_source) 
- [KG] Usage of header files in C++ (File: unknown_source) 
- [KG] Member variables in C++ classes (File: unknown_source)","do not modify the player.hpp file at all!!! all modifications go into the Player.cpp file. The AG does not read any hpp files for projects 1,2, or 3 so any work you put there will not be graded.


declare member variables as you see fit within the derived classes, not the player class."
12,project_I am confused as to what this part is asking to do. Am I supposed to make an invariants function?,"It seems you are inquiring about the context of an ""invariants function"" within your project. In the context of programming and particularly in object-oriented designs, an invariants function typically ensures that certain conditions or properties hold true throughout the lifecycle of an object.

If your project involves a card game like Euchre, an invariants function might be used to check the validity of the game state, the properties of the cards, players' hands, or the overall game setup. 

The specific implementation details would depend on the requirements outlined in your project instructions. It’s best to refer to the project guidelines or specifications to clarify if an invariants function is explicitly required and what conditions it should enforce. 

If there's no direct mention of an invariants function in your documentation, you may want to consider whether the core concepts of invariants apply to the classes and state you are managing.

### References
1. [KG] The Euchre Game is a card game played between human players with specific rules for card selection and scoring. (File: unknown_source)
2. [KG] The Game Abstract Data Type (ADT) organizes the game's logic and player interactions, simplifying the flow of the game. (File: unknown_source)
3. [KG] EECS 280 is a course at the University of Michigan focusing on programming and software development practices. (File: unknown_source)
4. [KG] Player_factory is a function designed to create instances of Player objects based on specified criteria and strategies. (File: unknown_source)
5. [KG] The Main Function coordinates the execution of the Euchre Game, processing command line arguments and initiating the game setup and play sequence. (File: unknown_source)","what do you mean by an ""invariants function""?"
13,"project_Have I coded the function right? Essentially, if the pack is empty, then the next value is initialised to the index of the last card, plus one. So 23+1=24.    Code 1: bool Pack::empty() const  {   return (next == PACK_SIZE);  }","Your implementation of the `Pack::empty()` function seems logically correct. It checks if the `next` index is equal to `PACK_SIZE`, which implies that the pack is empty if the index has reached the size of the pack. However, let’s clarify a few points:

1. **Understanding `PACK_SIZE`:** Ensure that `PACK_SIZE` is defined correctly as the total number of cards in your pack (for example, 24 for a Euchre game).
2. **Empty Condition:** The condition you are using compares `next` with `PACK_SIZE`. This would indicate that the pack is empty when `next` has not yet been used to point to any cards, provided that `next` increments properly as cards are added.
3. **Initialization of `next`:** If you intend for `next` to represent the next available index, it should indeed be initialized to `0` when you first create the pack, allowing subsequent increments to represent how many cards have been added.

A possible initialization in the constructor might look like this:

```cpp
Pack::Pack() : next(0) { /* other initializations if necessary */ }
```

Make sure to check where and how you modify `next` throughout your code to ensure it aligns with your intended logic for handling a full or empty pack.

### Summary
- Your `empty()` function correctly checks for an empty pack.
- Ensure proper initialization of `next` to allow correct behavior.
  
If you have further parts of the code you'd like to review, feel free to share!

### References
- [KG] Pack implementation details (File: unknown_source)
- [KG] Card and pack management in Euchre game (File: unknown_source)",I would test the function to see if it works the way you intended it to work.
14,"project_So for this part, the specs say this: ""If a Human Player is the dealer and someone orders up during the first round of making, the Human Player will pick up the upcard and discard a card of their choice. "". So are we suppose to check if the human player is dealer and those conditions in player.cpp or that is the euchre.cpp part?","The logic for determining whether a Human Player is the dealer and managing the interactions during the making phase, including picking up the upcard and discarding a card, should ideally be handled in the `euchre.cpp` file. The `Game` class, which you would implement in this file, should manage the overall gameplay flow, including player roles and actions during different phases of the game.

Here's how you might approach it:

1. **Check the Dealer**: During the making trump phase, check if the Human Player (the dealer) is the one executing the action.
2. **Update Game State**: If a player orders up, you can then allow the Human Player to pick up the upcard and prompt them to discard a card. This interaction is part of gameplay management, which fits well within the responsibilities of your `Game` class in `euchre.cpp`.

The `Player.cpp` file should primarily focus on the behaviors and capabilities of player classes, such as how they make decisions or interact with the game. Therefore, the specifics of the game flow and the trading of cards are better placed in `euchre.cpp`.

### Summary
- Check for dealer conditions and manage the pick-up/discard actions in `euchre.cpp`.
- Implement player behaviors separately in `Player.cpp`.

This separation of concerns will help maintain clarity and structure in your code.

### References
- [KG] Euchre Game overview and player roles (File: unknown_source)
- [KG] Game Rules and player participation (File: unknown_source)
- [KG] Human Player and gameplay interaction (File: unknown_source)",that logic would be in the euchre.cpp file.
15,project_I created a string private member variable for the player's name for the simple player class in player.cpp. When I'm running my public tests. I'm getting a segmentation fault 11. I'm not sure why since the parameters for the base class and the derived class are matching.  My latest submission is on the Autograder. Thank you!,"A segmentation fault often indicates that your program is trying to access memory that it shouldn't or is dereferencing a null or invalid pointer. Since you've mentioned that the parameters for the base class and derived class are matching, here are a few potential causes and troubleshooting steps to consider for your Simple Player class:

### 1. Check Memory Allocation
Ensure that when you create an instance of the `SimplePlayer`, you're correctly allocating memory if you're using dynamic allocation. If you're using `new`, ensure that you're properly managing that memory throughout your class.

### 2. Constructor Initialization
Verify that the constructor for your `SimplePlayer` class properly initializes the private member variable (the player's name). This should be done using an initializer list or within your constructor body.

Example:
```c++
SimplePlayer::SimplePlayer(const std::string &name) : Player(name), name(name) {
  // Additional initialization if needed
}
```

### 3. Ensure Correctness in Player Factory
If you're using a factory function to create `SimplePlayer` instances, ensure that it correctly implements the logic to create and return an instance of `SimplePlayer`. Double-check that you aren’t returning a null pointer, which could lead to dereferencing issues.

Example of a factory function:
```c++
Player* Player_factory(const std::string &name, const std::string &strategy) {
  if (strategy == ""Simple"") {
    return new SimplePlayer(name);
  }
  // Handle other strategies or return nullptr
}
```

### 4. Check Your Public Tests
Review the specific tests in your `Player_public_tests.cpp`. Sometimes test conditions may assume specific states or values from the object being tested. Ensure that your objects are being properly instantiated and that no invalid states can be reached during these tests.

### 5. Debugging
- Use debugging tools or print statements to trace the flow of execution leading up to the segmentation fault.
- Print out values of your internal variables immediately before the trouble spot to see if they contain unexpected values.

### 6. Code Review
Review your code for other common issues that might lead to segmentation faults, such as:
- Out-of-bounds access on arrays or vectors.
- Improper use of pointers that may lead to dereferencing null pointers.

### Conclusion
If you've done all of the above and are still experiencing issues, consider seeking feedback from classmates or your instructor regarding your implementation. You can also check the Autograder logs for any additional information about the failures.

### References
- [KG] Player class and structure information (File: Player.hpp)
- [KG] SimplePlayer class description and implementation (File: Player.cpp)
- [KG] Testing methodology details (File: Player_tests.cpp)","The player factory function in your code returns a nullptr. 

Player *Player_factory(const string &name, const string &strategy){
       Player *pointer = nullptr;
       return pointer;
}


When you try to dereference that nullptr in your test code, that causes a segmentation fault:

 Player * alice = Player_factory(""Alice"", ""Simple"");
 ASSERT_EQUAL(""Alice"", alice->get_name());"
16,project_Not sure how to write the one that takes in the led card without copying code from the other.,"### Implementing a Method to Handle the Led Card in the Euchre Game

To write a method that processes the led card without copying code from other parts, you need to follow the principles of object-oriented programming, particularly encapsulation and reusability. Here’s a suggested approach to implement this function:

1. **Define Your Class Structure**: Make sure the method resides in the appropriate class. If your game has a `Player` class or a `Game` class, add the method there. For instance, if you have a function to play a trick, it might belong in the `Game` class.

2. **Use Member Functions**: Instead of duplicating code that handles card playing or decision-making, create separate member functions (if not already present) that can be reused. This supports the DRY (Don't Repeat Yourself) principle.

3. **Pass the Led Card as a Parameter**: When defining your method, include parameters that allow the method to take the led card as input without needing to reference the card directly.

   ```cpp
   void playTrick(Card ledCard);
   ```

4. **Implement Logic Using the Led Card**: In your method, implement logic that interacts with the led card. For example, determine how the player reacts based on the led card’s suit and rank. Make sure to differentiate the behavior if the player has the ability to follow suit.

   ```cpp
   void Player::playTrick(Card ledCard) {
       // Logic to decide how to respond to the led card
       if (canFollowSuit(ledCard)) {
           Card cardToPlay = highestCardOfSuit(ledCard.getSuit());
           playCard(cardToPlay);
       } else {
           Card cardToPlay = lowestCardInHand();
           playCard(cardToPlay);
       }
   }
   ```

5. **Testing Your Method**: Ensure that your new method is tested separately. Create tests that verify the correct behavior when different led cards are played. Refer to your existing test frameworks for classes such as `Player_tests.cpp`.

### Conclusion

By following these steps, you can implement a functionality that interacts with the led card effectively while promoting code reuse and maintainability. Make sure to fully utilize your class design to keep your code organized and modular.

### References
1. [KG] Playing Tricks (File: unknown_source)
2. [KG] Euchre Game (File: unknown_source)
3. [KG] Card (File: unknown_source)
4. [KG] Game ADT (File: unknown_source)
5. [DC] Player Class Implementation (File: unknown_source)",you can call the first card_less in the second one! this should reduce code duplication
17,"project_hey! i'm wrapping up the logic of euchre.cpp and am writing tests to ensure all components are working to help locate bugs. in submitting to the autograder i've found both that my pack's public tests seem to be failing despite working on my computer (WSL), and also that i am failing almost all of the UB checks with address sanitizer error output despite not encountering address sanitizer issues on my computer.  for pack: would it be helpful to run on caen?  for UB: would it help to place assert statements to check if the RME of a function is met?  any other advice would be appreciated. thanks!","### Address Sanitizer and UB Checks 

It appears you are facing two distinct issues related to your implementation of `euchre.cpp`: failing public tests for the `Pack` class and undefined behavior (UB) checks with the Address Sanitizer.

1. **Running on CAEN for Pack Testing**: 
   If your public tests are passing on your local setup but failing on the autograder, it may be beneficial to run tests on the CAEN (Computing and Information Technology) environment. The configuration there might differ from your WSL setup and could help identify if the issue lies with your local environment. Additionally, running your tests in a controlled environment that mirrors the autograder can ensure consistency in results.

2. **Using Assert Statements**: 
   Adding assert statements can certainly help check if the required conditions for the return mode of a function are met. By incorporating these assertions, you can validate assumptions in your code and catch issues before they lead to UB. This may help narrow down potential sources of UB by ensuring preconditions and postconditions are satisfied.

### Additional Recommendations 

- **Review Error Messages**: Pay close attention to the Address Sanitizer error messages. They can provide you with hints about what might be going wrong, including memory overflows, use-after-free errors, or improper memory accesses.
  
- **Code Review**: Conduct a thorough review of your code, particularly areas handling dynamic memory allocation. Ensure that all memory allocated is properly managed, and check for potential logical errors that might not surface directly during regular operation.

- **Input Validation**: Make sure all inputs to your functions are validated. This includes checking for null pointers and ensuring your pack is correctly initialized before use.

- **Simplify Test Cases**: Try reducing your test cases to the simplest form. If a test case is complex, isolating specific features of your implementation can help in tracing back errors.

If you require more tailored advice based on specific error messages or scenarios, feel free to provide additional context.

### References
- [KG] Address Sanitizer, Source: Unknown
- [KG] Pack.cpp, Source: Unknown
- [KG] Player_tests, Source: Unknown
- [KG] Unit Test Framework, Source: Unknown
- [KG] Main Function, Source: Unknown",ended up finding a lot more bugs and UB went away as i fixed them. probably the most straightforward thing that could have happened thankfully!
18,"project_Should the operator overloads take into account both suit and rank or just rank?    bool operator<(const Card &lhs, const Card &rhs);  bool operator>(const Card &lhs, const Card &rhs);","When overloading operators for comparing playing cards in the context of the Euchre game, it is essential to take into account both the **rank** and the **suit** of the cards. The general approach is as follows:

1. **Rank Comparison**: The primary comparison should be based on the rank of the cards. The rank determines which card is higher in value.
2. **Suit as a Tiebreaker**: If two cards have the same rank (e.g., two Jacks), the suit should be used to break the tie, ensuring that the game's rules are followed correctly. Typically, this means that cards of certain suits (like trump suits) might take precedence over others.

Using these criteria would look something like this in the implementation:

```cpp
bool operator<(const Card &lhs, const Card &rhs) {
    if (lhs.get_rank() != rhs.get_rank()) {
        return lhs.get_rank() < rhs.get_rank();
    }
    // If ranks are equal, compare suits
    return lhs.get_suit() < rhs.get_suit();
}

bool operator>(const Card &lhs, const Card &rhs) {
    if (lhs.get_rank() != rhs.get_rank()) {
        return lhs.get_rank() > rhs.get_rank();
    }
    // If ranks are equal, compare suits
    return lhs.get_suit() > rhs.get_suit();
}
```

This implementation first compares the ranks, and if they are equal, it then compares the suits. Ensure to follow the game's specific conventions on suit ordering (e.g., trump suit vs. non-trump suit) when implementing this logic.

### References
1. [KG] Operator Overloading (General Guidelines) (File: unknown_source)
2. [KG] Card Comparisons in Euchre Game (File: unknown_source)","It should account for both. If the ranks are equal, break ties by suit (does not consider Trump suit for operator overloads)."
19,project_How do I make sure in round 2 of making trump that the dealer makes trump if everyone else passes?,"To ensure the dealer makes trump in round 2 of making trump when all other players pass, you need to implement the following steps in your code:

1. **Track Passes**: During the first round of making trump, you'll need to track whether every player passes. If all players pass, initiate the second round.

2. **Second Round Logic**: In the second round, the upcard's suit from the first round cannot be ordered up. Instead, you will allow players to order up any suit except for the upcard's suit.

3. **Dealer Requirement**: Introduce a rule where if the making trump reaches the dealer and they are faced with the situation where everyone has passed, they must select a trump suit other than the upcard's suit. This rule can be implemented as part of your game logic for the making trump function.

4. **User Input**: When it is the dealer's turn during the second round, allow the dealer to select a suit that is neither the upcard's suit nor to pass.

5. **Game Play Continuation**: Once the dealer makes their choice, proceed with the game using the selected trump suit.

This implementation ensures that the dealer is compelled to make a decision to order up a trump suit if all players, including themself, have declined to choose the upcard in the first round.

Make sure you handle inputs and errors accordingly, particularly for proper validation of the dealer's choice to ensure it adheres to the game's rules.

### References
- [KG] Making Trump (File: unknown_source)
- [KG] Screw the Dealer (File: unknown_source)","SimplePlayers should already do that, and HumanPlayers are assumed to follow all the rules. You aren’t expected to handle a case where a HumanPlayer cheats or doesn’t follow the screw the dealer rules. However, just so that way it doesn’t do weird stuff in your own testing, I would place an assert(false) if somehow both rounds of making trump happen without the trump being made."
20,"project_For the tests for cards.cpp, do we have to test every single function including the operator overloading functions?","Yes, for the tests in `Card_tests.cpp`, it is important to test every single function, including the operator overloading functions implemented in `Card.cpp`. Comprehensive testing ensures that all functionalities operate correctly and maintain the expected behavior of the Card class.

### Key Points
- **Functionality Coverage:** Each function within `Card.cpp`, including those related to operator overloading, should be tested to validate their accuracy.
- **Testing Importance:** Thorough tests help identify any issues or bugs in the implementation, facilitating a more robust code quality.

### Recommendations
- Implement unit tests that specifically check various scenarios for each function.
- Ensure that edge cases, default and invalid inputs, and all expected behaviors are adequately tested.

Ensuring detailed coverage of these aspects will contribute significantly to the reliability of your code and ease potential debugging steps.

### References
- [KG] Card_tests.cpp is a source code file that likely contains tests specifically for the functionality of the Card class. (File: Card_tests.cpp)
- [KG] Card.cpp contains the implementation details for the Card class, representing individual playing cards. (File: Card.cpp)
- [KG] Tests refer to the execution and validation of code against predefined conditions to ensure functionality. (File: Tests)","If you want to get all the points, testing every single function/operator is a good place to start (although it doesn't guarantee full points). If you haven't tested all of them and you don't have all the points, I definitely would test them"
21,project_How do I empty each player's hand at the beginning of each round?,"To empty each player's hand at the beginning of each round in the Euchre game, you can follow these guidelines:

### Step-by-Step Process

1. **Identify Player Object**: Ensure you have access to the player objects that represent each participant in the game.

2. **Emptying the Hand**: You can use the appropriate method to clear out the hand of each player. This typically involves either resetting the hand vector (assuming you are using a vector to store the cards) or reinitializing it.

3. **Implementation Example**: In your `Game` class's private member functions or within the `play_hand()` function, iterate through each player and clear their hand. Assuming you have a vector `players` that holds pointers to the player instances and a member function `clear_hand()` in the player class, it would look something like this:

    ```cpp
    void Game::play_hand() {
        for (size_t i = 0; i < players.size(); ++i) {
            players[i]->clear_hand();  // Clear each player's hand
        }
        // Additional logic for the new round...
    }
    ```

### Considerations
- You must ensure that the `clear_hand()` method is properly defined in the Player class to clear out the hand correctly, potentially like this:

    ```cpp
    void Player::clear_hand() {
        hand.clear();  // Assuming hand is a vector of Card instances.
    }
    ```

- Use this approach at the start of each round to reset players' hands, just before dealing new cards.

By following this procedure, each player's hand will be emptied, allowing for a fresh start for the next round.

### References
- [KG] Player - The Human Player is a participant in the card game who interacts with the game by reading user input and making strategic decisions based on their hand of cards. (File: unknown_source)
- [KG] Game ADT - The Game Abstract Data Type (ADT) organizes the game's logic and player interactions, simplifying the flow of the game. (File: unknown_source)
- [KG] Tricks - Tricks are rounds of play in Euchre where players play cards in turns, and the highest card wins the trick. (File: unknown_source)
- [KG] Euchre Game - The Euchre Game is a card game played between human players with specific rules for card selection and scoring. (File: unknown_source)","playing/leading cards should remove the card from the players hand. So assuming you did 5 tricks, at the end of each round you should have no cards remaining in the player’s hands"
22,"project_Hi,  I made a few submits to the autograder today, and I made one submit shortly before the time the project was due. The most recent submission scored less on the public tests than the second-to-most recent submission. Will the most recent submission or the submission with the highest score on public tests be graded for my and my partner's final grade?  Thank you!","In the case of submitting multiple assignments to the autograder for a project, your final grade is based on the most recent submission. If you submitted another version shortly before the project due date, that submission will override prior submissions regardless of the scores received on public tests. Consequently, your most recent submission, even if it scored less, will be the one considered for grading.

If you and your partner are looking for clarification on grades or specific submission handling, it may be advisable to reach out directly to your course staff or the grading authority for further guidance.

### References
1. [KG] Project submission information and grading policy (File: unknown_source)
2. [KG] Submission guidelines for EECS 280 (File: unknown_source)",The submission with the highest score overall (including public and private tests) will be counted for your grade.
23,"project_For each hang of a game, do we reshuffle the cards, or keep it the way it is after the first time we shuffle it?","In the context of the Euchre Game, whether to reshuffle the cards after each hand depends on the specified game setup. The `shuffle argument` indicates whether the deck should be shuffled or not and accepts values such as 'shuffle' or 'noshuffle'. If the 'shuffle' option is set for the game, the cards would be shuffled at the beginning, but it isn't explicitly noted in the provided information whether they are reshuffled after every hand.

Therefore, it's essential to determine the game's rules applied in your specific context. If the initial setup does not specify reshuffling after subsequent hands, it is likely that the cards remain in the state they were after the first shuffle.

For explicit details on this rule, you might need to refer to further game documentation or clarifications regarding tournament settings or specific game variations.

### References
- [KG] Shuffle Argument: The shuffle argument indicates whether the deck should be shuffled or not and accepts values 'shuffle' or 'noshuffle'. (File: unknown_source)
- [KG] Euchre Game: The Euchre Game is a card game played with four players, focused on winning tricks through strategic play and participation. (File: unknown_source)",reshuffle the cards
